open_idx,close_idx,side,entry_price,close_price,qty,pnl_usd,pnl_pct,close_reason,confluence_score,duration_candles
0,2,SHORT,83609.6,81699.30714285714,0.00011960349050826698,0.22447769360729672,0.11223884680364836,TP,4,2
0,4,SHORT,3.031,2.8792857142857144,4.948861761794787,0.7448130272894375,0.24827100909647917,TP,5,4
0,3,SHORT,812.98,827.7228571428572,0.012300425594725578,-0.1853434173393827,-0.09267170866969135,SL,4,3
0,2,SHORT,0.06281,0.06431,159.21031682853047,-0.24281547524279593,-0.12140773762139796,SL,4,2
0,2,SHORT,128.5,123.78999999999999,0.038910505836575876,0.1812684824902727,0.1812684824902727,TP,3,2
0,4,SHORT,2740.49,2803.5449999999996,0.003648982481235108,-0.23408659035427914,-0.11704329517713957,SL,4,4
0,4,SHORT,4.107,3.8366785714285716,2.4348672997321645,0.6541968068454556,0.3270984034227278,TP,4,4
0,6,SHORT,0.53,0.5395,18.867924528301884,-0.18324528301886703,-0.09162264150943351,SOFT_EXIT,4,6
0,11,SHORT,0.1416,0.13554642857142857,70.62146892655367,0.4235121065375308,0.2117560532687654,TP,4,11
0,2,SHORT,532.29,485.52428571428567,0.018786751582783822,0.874575856877159,0.4372879284385795,TP,4,2
0,1,LONG,0.01814,0.017576428571428573,275.63395810363835,-0.15733942353126437,-0.15733942353126437,SL,3,1
0,2,LONG,0.5489,0.5353928571428572,9.10912734560029,-0.12503828436092937,-0.12503828436092937,SL,3,2
0,19,SHORT,84206.7,84689.4,5.9377697974151706e-05,-0.03066161481212286,-0.03066161481212286,SOFT_EXIT,3,19
0,19,SHORT,2746.4,2769.06,0.0018205651034080977,-0.04325400524322723,-0.04325400524322723,SOFT_EXIT,3,19
0,8,LONG,0.224,0.23385714285714285,66.96428571428571,0.6540765306122438,0.21802551020408126,TP,5,8
0,2,LONG,86315.2,85719.03571428571,0.00011585444973770552,-0.07306828527470098,-0.03653414263735049,SL,4,2
0,1,LONG,0.291,0.2785714285714285,34.36426116838488,-0.43109867452135586,-0.21554933726067793,SL,4,1
0,3,LONG,0.4119,0.40709999999999996,24.277737314882252,-0.12053313911143546,-0.06026656955571773,SL,4,3
0,10,SHORT,31.162,31.991285714285713,0.3209036647198511,-0.27012082481410493,-0.13506041240705247,SL,4,10
0,1,LONG,130.68,132.80035714285717,0.03826140189776553,0.07912783680965561,0.07912783680965561,TP,3,1
0,1,SHORT,3.829,3.8771428571428572,1.3058239749281797,-0.0648660970786851,-0.0648660970786851,SL,3,1
0,1,LONG,13.406,13.321071428571429,0.7459346561241235,-0.06735116472368469,-0.03367558236184234,SL,4,1
0,2,SHORT,1.861,1.822,5.373455131649651,0.20556475013433598,0.10278237506716799,TP,4,2
0,8,LONG,299.16,294.045,0.033426928733787935,-0.1749787404733256,-0.0874893702366628,SL,4,8
0,7,SHORT,1.9574,2.038721428571429,5.108817819556554,-0.4194563633975108,-0.2097281816987554,SL,4,7
0,24,LONG,0.0041604,0.0041981,3605.4225555235075,0.1299244303432358,0.04330814344774527,TIMEOUT,5,24
0,2,SHORT,2.279,2.3090714285714284,4.3878894251864855,-0.13595010342882197,-0.06797505171441098,SL,4,2
0,2,LONG,86701.7,87742.06785714286,5.766899610964952e-05,0.05799696990617605,0.05799696990617605,TP,3,2
0,1,LONG,2804.75,2850.9167857142857,0.0017826900793297086,0.08030107088739755,0.08030107088739755,TP,3,1
0,2,LONG,2.0907,2.0638642857142857,2.3915435021763045,-0.06617877812625986,-0.06617877812625986,SL,3,2
0,3,LONG,580.69,563.9864285714286,0.008610446193321738,-0.14582520302202054,-0.14582520302202054,SL,3,3
0,5,LONG,3.957,3.8817142857142857,1.2635835228708618,-0.09712978807899189,-0.09712978807899189,SL,3,5
0,4,LONG,0.06615,0.065415,151.17157974300832,-0.11511111111111105,-0.057555555555555526,SL,4,4
0,2,LONG,171.22,175.38357142857143,0.029202196005139586,0.11958542893854193,0.11958542893854193,TP,3,2
0,7,SHORT,0.24,0.24578571428571427,20.833333333333336,-0.12253571428571425,-0.12253571428571425,SL,3,7
0,1,SHORT,1.5277,1.5607857142857144,9.818681678339988,-0.33085809667193544,-0.11028603222397848,SL,5,1
0,1,SHORT,0.5512,0.5524,27.213352685050797,-0.03865602322206038,-0.012885341074020127,SOFT_EXIT,5,1
0,5,LONG,295.06,289.2557142857143,0.03389141191622043,-0.2007154380222903,-0.10035771901114515,SL,4,5
0,19,SHORT,1.9288,1.8467928571428573,5.184570717544587,0.4211718314866379,0.21058591574331895,TP,4,19
0,6,LONG,0.0045403,0.0044631428571428565,2202.4976323150454,-0.17393842445905167,-0.08696921222952583,SL,4,6
0,1,LONG,3.935,3.976,1.2706480304955527,0.050096569250317566,0.050096569250317566,SOFT_EXIT,3,1
0,1,LONG,34.348,33.565,0.29113776639105626,-0.2319608710841974,-0.1159804355420987,SL,4,1
0,6,SHORT,1.849,1.8787857142857143,5.408328826392645,-0.1650909371861239,-0.08254546859306194,SL,4,6
0,16,LONG,13.914,13.7605,0.7187005893344832,-0.11432054046284268,-0.05716027023142134,SL,4,16
0,4,SHORT,87358.5,86531.28214285715,0.00011447082997075271,0.09069231467376983,0.045346157336884914,TP,4,4
0,1,LONG,0.06656,0.06601357142857142,150.24038461538464,-0.08609563873626394,-0.04304781936813197,SL,4,1
0,1,SHORT,2927.65,2934.85,0.005123563267467081,-0.04288965552576205,-0.014296551841920684,SOFT_EXIT,5,1
0,1,SHORT,135.98,137.49642857142857,0.11031033975584646,-0.1732777509297592,-0.057759250309919734,SL,5,1
0,4,LONG,13.94,14.099107142857143,1.0760401721664277,0.16520567739290914,0.05506855913096972,TP,5,4
0,1,SHORT,2.171,2.1986714285714286,4.60617227084293,-0.1314593669803261,-0.06572968349016305,SL,4,1
0,1,SHORT,1.4826,1.5114214285714285,6.7449075947659525,-0.19839787246343288,-0.09919893623171644,SL,4,1
0,4,SHORT,499.28,513.8778571428571,0.010014420765902901,-0.14818908370911266,-0.14818908370911266,SL,3,4
0,2,LONG,87672.6,86858.68571428572,0.0001140607213656262,-0.09683565055835996,-0.04841782527917998,SL,4,2
0,11,SHORT,1.8781,1.8370214285714286,5.324530110217773,0.21472409045616056,0.10736204522808028,TP,4,11
0,1,LONG,502.76,504.25,0.009945103031267404,0.012818203516588522,0.012818203516588522,SOFT_EXIT,3,1
0,12,LONG,0.0736,0.07264285714285715,135.8695652173913,-0.13404658385093082,-0.06702329192546541,SL,4,12
0,2,LONG,0.256,0.2502142857142857,39.0625,-0.2300044642857142,-0.1150022321428571,SL,4,2
0,1,LONG,34.56,33.95357142857143,0.14467592592592593,-0.08973561507936532,-0.08973561507936532,SL,3,1
0,1,SHORT,1.8072,1.8265214285714284,5.533421868083223,-0.11091361537975039,-0.055456807689875195,SL,4,1
0,2,SHORT,0.06625,0.06676928571428573,75.47169811320754,-0.04119137466307336,-0.04119137466307336,SL,3,2
0,2,LONG,13.994,13.963,0.35729598399313994,-0.013076175503787547,-0.013076175503787547,SOFT_EXIT,3,2
0,1,SHORT,0.01807,0.018314999999999998,553.4034311012729,-0.13958384061981113,-0.06979192030990557,SL,4,1
0,1,SHORT,0.0711,0.07182857142857142,140.64697609001408,-0.10647136829415271,-0.053235684147076356,SL,4,1
0,1,LONG,0.0044662,0.004543803571428572,1119.5199498455063,0.08487874639354694,0.08487874639354694,TP,3,1
0,1,SHORT,895.22,897.2,0.011170438551417528,-0.026117468331806906,-0.013058734165903453,SOFT_EXIT,4,1
0,1,SHORT,187.5,185.65,0.08,0.14199999999999954,0.04733333333333318,SOFT_EXIT,5,1
0,3,LONG,0.6587,0.6507857142857142,22.772126916654017,-0.18622511874037717,-0.062075039580125724,SL,5,3
0,5,LONG,3020.64,3068.493214285714,0.0016552783516076064,0.07721038966198278,0.07721038966198278,TP,3,5
0,4,SHORT,0.2808,0.28713571428571427,17.806267806267808,-0.11481542531542518,-0.11481542531542518,SL,3,4
0,11,LONG,13.491,13.3455,1.1118523460084502,-0.1677745163442297,-0.05592483878140991,SL,5,11
0,5,LONG,0.0695,0.07064428571428572,143.88489208633092,0.1606454265159293,0.08032271325796465,TP,4,5
0,10,SHORT,0.2793,0.2849428571428571,35.80379520229145,-0.20603570149864364,-0.10301785074932182,SL,4,10
0,5,LONG,0.6479,0.6567392857142857,23.151720944590213,0.19864467620664567,0.06621489206888188,TP,5,5
0,2,SHORT,34.705,35.140142857142855,0.28814291888776833,-0.12938333299030602,-0.06469166649515301,SL,4,2
0,18,LONG,0.0046735,0.0047754892857142855,2139.7239756071467,0.2142289198979048,0.1071144599489524,TP,4,18
0,2,LONG,0.15421,0.15320857142857144,64.84663770183515,-0.0689392757556948,-0.0344696378778474,SL,4,2
0,10,LONG,0.5497,0.5447714285714286,18.191740949608878,-0.09365929468021454,-0.04682964734010727,SL,4,10
0,11,SHORT,1.2019,1.3396214285714285,8.320159747067144,-1.1498642863085828,-0.5749321431542914,SL,4,11
0,6,SHORT,299.36,302.86428571428576,0.050106894708711915,-0.18158887531495904,-0.06052962510498635,SL,5,6
0,7,LONG,0.07194,0.07368428571428572,139.00472616068944,0.238463958060288,0.119231979030144,TP,4,7
0,2,SHORT,0.24,0.24321428571428572,41.66666666666667,-0.1379285714285719,-0.06896428571428595,SL,4,2
0,1,SHORT,141.4,142.45642857142857,0.03536067892503536,-0.03935603152151941,-0.03935603152151941,SL,3,1
0,2,LONG,15.075,15.006857142857141,0.6633499170812603,-0.049202558635394994,-0.024601279317697497,SL,4,2
0,2,SHORT,4.157,4.08575,2.405580947798893,0.16739764253067121,0.08369882126533561,TP,4,2
0,1,SHORT,0.15089,0.1523307142857143,66.27344423089669,-0.0994810978669425,-0.04974054893347125,SL,4,1
0,3,SHORT,3.283,3.218928571428571,1.5229972586049345,0.0955806100691879,0.0955806100691879,TP,3,3
0,1,LONG,1.932,1.9075714285714285,5.175983436853002,-0.1304418811002664,-0.0652209405501332,SL,4,1
0,1,LONG,0.01892,0.018641428571428573,264.27061310782244,-0.07561824222289289,-0.07561824222289289,SL,3,1
0,1,LONG,300.71,302.11,0.016627315353663,0.021278241495128768,0.021278241495128768,SOFT_EXIT,3,1
0,8,SHORT,465.28,448.68035714285713,0.010746217331499313,0.17638336976812716,0.17638336976812716,TP,3,8
0,1,LONG,0.0729,0.0729,68.58710562414265,-0.002,-0.002,SOFT_EXIT,3,1
0,22,SHORT,1.2868,1.35325,7.77121541809139,-0.5203972645321738,-0.2601986322660869,SL,4,22
0,4,SHORT,459.48,468.5028571428572,0.01088186645773483,-0.10018552649579048,-0.10018552649579048,SL,3,4
0,1,LONG,0.0045712,0.0045581,1093.8046902345118,-0.016328841442072393,-0.016328841442072393,SOFT_EXIT,3,1
0,6,SHORT,90518.1,90851.89285714286,5.523757127027633e-05,-0.020437906735937303,-0.020437906735937303,SL,3,6
0,17,LONG,0.08074,0.08483285714285715,123.85434728758979,0.5029181499699217,0.25145907498496084,TP,4,17
0,12,SHORT,137.03,135.30392857142857,0.03648836021309202,0.060981516039240666,0.060981516039240666,TP,3,12
0,3,SHORT,113.36,115.50642857142857,0.08821453775582216,-0.19334620425446122,-0.09667310212723061,SL,4,3
0,1,LONG,1.842,1.85,5.4288816503800215,0.0394310532030402,0.0197155266015201,SOFT_EXIT,4,1
0,3,SHORT,14.353,14.19067857142857,0.6967184560719013,0.1090923351016717,0.05454616755083585,TP,4,3
0,3,LONG,0.02002,0.02110535714285714,249.75024975024976,0.26906821749678855,0.26906821749678855,TP,3,3
0,1,LONG,0.08398,0.08258714285714286,119.07597046915933,-0.16985581601061445,-0.08492790800530722,SL,4,1
0,14,SHORT,2993.51,3013.067857142857,0.003340560078302728,-0.06933419678857544,-0.03466709839428772,SL,4,14
0,6,LONG,90745.2,91248.11785714285,5.5099333077672426e-05,0.02571043852142313,0.02571043852142313,TP,3,6
0,10,SHORT,1.2799,1.32005,7.8131103992499416,-0.3176963825298844,-0.1588481912649422,SL,4,10
0,1,LONG,0.2854,0.27999285714285715,35.0385423966363,-0.19345840424466829,-0.09672920212233414,SL,4,1
0,4,SHORT,877.61,881.5157142857144,0.005697291507617278,-0.024251992831179785,-0.024251992831179785,SL,3,4
0,2,LONG,3007.93,3030.6699999999996,0.003324545451523141,0.07160016356763549,0.035800081783817744,TP,4,2
0,4,SHORT,0.227,0.22964285714285715,44.052863436123346,-0.12042542479546878,-0.06021271239773439,SL,4,4
0,1,LONG,138.46,137.45214285714286,0.07222302470027445,-0.07679049132291983,-0.038395245661459916,SL,4,1
0,1,SHORT,1.843,1.862,5.425935973955507,-0.10709278350515533,-0.053546391752577666,SL,4,1
0,6,SHORT,442.6,431.7164285714286,0.022593764121102575,0.24190084565231423,0.12095042282615712,TP,4,6
0,3,SHORT,33.903,33.209357142857144,0.14747957407899007,0.10029815313436201,0.10029815313436201,TP,3,3
0,9,LONG,13.279,13.167857142857143,1.1296031327660216,-0.13154731961313793,-0.043849106537712644,SL,5,9
0,3,LONG,0.0046456,0.004595635714285714,1076.2872395384882,-0.05577592314694119,-0.05577592314694119,SL,3,3
0,3,SHORT,179.42,176.2485714285714,0.02786757329171776,0.08638001815373365,0.08638001815373365,TP,3,3
0,1,SHORT,0.535,0.5285714285714286,9.345794392523365,0.05808010680907897,0.05808010680907897,TP,3,1
0,1,LONG,0.619,0.6120142857142857,8.077544426494345,-0.05842741749365316,-0.05842741749365316,SL,3,1
0,1,SHORT,86970.6,87420.82857142857,0.0001724720767707708,-0.08365185673582247,-0.027883952245274155,SL,5,1
0,1,SHORT,127.48,128.93214285714285,0.11766551615939755,-0.17686713882289526,-0.058955712940965084,SL,5,1
0,1,LONG,0.08406,0.0838,59.48132286462051,-0.017465143944801115,-0.017465143944801115,SOFT_EXIT,3,1
0,1,LONG,0.02259,0.021745714285714285,221.33687472332892,-0.18887156137355338,-0.18887156137355338,SL,3,1
0,9,SHORT,0.13709,0.13435892857142856,72.9447808009337,0.1952174067088358,0.0976087033544179,TP,4,9
0,12,SHORT,2824.81,2774.4025,0.0035400611014546114,0.17444562997157262,0.08722281498578631,TP,4,12
0,3,SHORT,361.08,340.9007142857143,0.027694693696687717,0.5548591368750886,0.2774295684375443,TP,4,3
0,2,SHORT,3.517,3.579285714285714,1.4216661927779357,-0.0905494942930257,-0.0905494942930257,SL,3,2
0,5,SHORT,0.0040335,0.004083478571428571,1239.6181975951408,-0.06395434663266535,-0.06395434663266535,SL,3,5
0,3,SHORT,3.564,3.629785714285714,1.4029180695847363,-0.09429196729196705,-0.09429196729196705,SL,3,3
0,6,LONG,0.08574,0.08399,116.63167716351762,-0.20810543503615603,-0.10405271751807801,SL,4,6
0,2,LONG,1.681,1.7105714285714286,5.94883997620464,0.1719156964391944,0.0859578482195972,TP,4,2
0,2,SHORT,2797.19,2821.3214285714284,0.0017875081778499136,-0.0451351259146293,-0.0451351259146293,SL,3,2
0,24,SHORT,2.0192,2.0432,4.952456418383518,-0.12285895404120453,-0.061429477020602266,TIMEOUT,4,24
0,4,LONG,840.83,850.1932142857144,0.01189301047774223,0.10735680560534615,0.053678402802673074,TP,4,4
0,4,LONG,0.5162,0.5248357142857143,19.372336303758235,0.16329396136602678,0.08164698068301339,TP,4,4
0,1,SHORT,0.018,0.018440714285714286,277.77777777777777,-0.12442063492063538,-0.12442063492063538,SL,3,1
0,1,LONG,0.14168,0.14343607142857143,105.87238848108413,0.17991947648624643,0.05997315882874881,TP,5,1
0,1,LONG,0.6076,0.61675,24.687294272547728,0.2198887425938115,0.0732962475312705,TP,5,1
0,1,SHORT,0.0732,0.0728,204.91803278688525,0.0759672131147536,0.025322404371584534,SOFT_EXIT,5,1
0,2,LONG,90809.2,91835.02857142857,0.00011012100095585029,0.10896526909482453,0.05448263454741226,TP,4,2
0,1,SHORT,2.1461,2.170707142857143,6.989422673687153,-0.1779897222203745,-0.059329907406791504,SL,5,1
0,8,SHORT,94.38,97.85071428571428,0.052977325704598434,-0.18586916114188812,-0.18586916114188812,SL,3,8
0,13,LONG,13.671,13.89632142857143,1.097213078779899,0.24122561835794382,0.08040853945264793,TP,5,13
0,2,SHORT,1.3336,1.3592071428571428,7.498500299940012,-0.19601516839489308,-0.09800758419744654,SL,4,2
0,12,LONG,139.44,142.48392857142858,0.0717154331612163,0.21429665601180295,0.10714832800590147,TP,4,12
0,4,LONG,0.0046659,0.004792703571428571,2143.2092415182497,0.26776658614323307,0.13388329307161653,TP,4,4
0,1,SHORT,0.08373,0.08513214285714285,59.715753015645525,-0.08573001654979409,-0.08573001654979409,SL,3,1
0,4,LONG,1.7394,1.6949857142857143,5.749108888122341,-0.25934256475960527,-0.12967128237980263,SL,4,4
0,1,LONG,14.144,14.016571428571428,0.7070135746606335,-0.09409372979961264,-0.04704686489980632,SL,4,1
0,3,LONG,0.6319,0.6243857142857143,15.82528881152081,-0.12291574164085609,-0.06145787082042804,SL,4,3
0,3,LONG,92957.6,92271.45000000001,5.3787963544669825e-05,-0.03890661118617489,-0.03890661118617489,SL,3,3
0,1,SHORT,0.01899,0.018462857142857142,263.2964718272775,0.13679485443466508,0.13679485443466508,TP,3,1
0,2,LONG,3086.99,3136.450357142857,0.001619700744090522,0.07811097726726843,0.07811097726726843,TP,3,2
0,1,SHORT,0.5342,0.5339,18.719580681392735,0.0016158742044172026,0.0008079371022086013,SOFT_EXIT,4,1
0,5,LONG,0.2887,0.29807500000000003,34.638032559750606,0.32073155524766267,0.16036577762383133,TP,4,5
0,10,SHORT,95.46,96.32,0.052377959354703546,-0.047045045045045024,-0.047045045045045024,SOFT_EXIT,3,10
0,1,SHORT,0.4473,0.45294285714285715,11.1781801922647,-0.06507687394206542,-0.06507687394206542,SL,3,1
0,15,LONG,0.236,0.24253571428571427,42.37288135593221,0.27293704600484253,0.13646852300242127,TP,4,15
0,8,LONG,144.62,142.69642857142858,0.06914672935970129,-0.13700867297548203,-0.06850433648774101,SL,4,8
0,6,LONG,0.6389,0.6318714285714286,15.651901706057286,-0.11401050913400194,-0.05700525456700097,SL,4,6
0,5,SHORT,95.15,92.05892857142857,0.10509721492380451,0.320862998273404,0.160431499136702,TP,4,5
0,7,LONG,3189.01,3152.087142857143,0.0015678847040304044,-0.05989078294338538,-0.05989078294338538,SL,3,7
0,1,SHORT,0.01875,0.018987857142857143,533.3333333333334,-0.1308571428571434,-0.0654285714285717,SL,4,1
0,1,SHORT,2.1187,2.1356,4.719875395289565,-0.08376589418039429,-0.041882947090197145,SL,4,1
0,1,SHORT,192.55,194.54500000000002,0.051934562451311346,-0.10760945209036638,-0.05380472604518319,SL,4,1
0,6,LONG,0.09311,0.09160357142857142,107.3998496402105,-0.16579020206514608,-0.08289510103257304,SL,4,6
0,2,LONG,0.0048295,0.004763657142857142,2070.6077233668084,-0.14033472852853826,-0.07016736426426913,SL,4,2
0,2,SHORT,1.806,1.7685000000000002,5.537098560354374,0.20364119601328828,0.10182059800664414,TP,4,2
0,1,LONG,0.07782,0.07665428571428572,192.75250578257518,-0.230694349597973,-0.07689811653265767,SL,5,1
0,2,LONG,92436.0,93108.75,5.409147951014756e-05,0.034390042840451766,0.034390042840451766,TP,3,2
0,4,LONG,2.1364,2.114307142857143,2.3403856955626288,-0.05370580683125097,-0.05370580683125097,SL,3,4
0,5,SHORT,4.621,4.701642857142858,1.0820168794633196,-0.08925693263672066,-0.08925693263672066,SL,3,5
0,1,LONG,14.081,14.178,0.35508841701583693,0.032443576450536644,0.032443576450536644,SOFT_EXIT,3,1
0,5,SHORT,0.14717,0.1489242857142857,101.92294625263301,-0.18480196856890416,-0.06160065618963472,SL,5,5
0,2,LONG,3194.48,3169.475,0.0015651999699481606,-0.04113782524855393,-0.04113782524855393,SL,3,2
0,3,LONG,26.409,27.110464285714286,0.37865879056382296,0.261615618052288,0.130807809026144,TP,4,3
0,6,SHORT,490.71,497.16499999999996,0.010189317519512544,-0.06777204458845332,-0.06777204458845332,SL,3,6
0,2,LONG,1.8967,1.9386035714285714,5.272315073548795,0.21692883127838547,0.10846441563919273,TP,4,2
0,6,SHORT,0.0069095,0.0070047,723.6413633403286,-0.07089065778999938,-0.07089065778999938,SOFT_EXIT,3,6
0,1,SHORT,1.6574,1.6248928571428571,6.033546518643659,0.1921333586167663,0.09606667930838315,TP,4,1
0,1,SHORT,74.62,75.805,0.06700616456714018,-0.08140230501206126,-0.08140230501206126,SL,3,1
0,9,LONG,0.6377,0.6248642857142858,15.681354869060685,-0.20528139071215748,-0.10264069535607874,SL,4,9
0,4,SHORT,1.5561,1.598,9.63948332369385,-0.4098943512627728,-0.13663145042092426,SL,5,4
0,18,LONG,0.4781,0.487325,10.458063166701526,0.0944756327128214,0.0944756327128214,TP,3,18
0,2,SHORT,0.15039,0.15149,33.246891415652634,-0.03857158055721849,-0.03857158055721849,SOFT_EXIT,3,2
0,1,LONG,0.08399,0.08309928571428571,119.06179307060366,-0.1100500399707449,-0.05502501998537245,SL,4,1
0,1,LONG,520.11,512.7371428571429,0.01922670204379843,-0.145755727497205,-0.0728778637486025,SL,4,1
0,8,LONG,0.0688,0.06719285714285714,145.34883720930233,-0.23759634551495096,-0.11879817275747548,SL,4,8
0,1,LONG,3194.48,3231.6692857142857,0.0031303999398963212,0.11241733776478703,0.056208668882393516,TP,4,1
0,1,LONG,92006.4,92062.2,0.0001630321368948247,0.003097193238731693,0.0010323977462438976,SOFT_EXIT,5,1
0,3,LONG,136.45,138.93464285714285,0.07328691828508611,0.17809181803905158,0.08904590901952579,TP,4,3
0,3,SHORT,2.155,2.192571428571428,6.960556844547565,-0.26751806430228564,-0.08917268810076188,SL,5,3
0,2,SHORT,169.73,172.34071428571428,0.0589171036351853,-0.15781572413328787,-0.07890786206664394,SL,4,2
0,1,LONG,14.481,14.761607142857143,0.3452800220979214,0.09488804048654886,0.09488804048654886,TP,3,1
0,2,SHORT,0.19,0.191,26.31578947368421,-0.02831578947368423,-0.02831578947368423,SOFT_EXIT,3,2
0,1,LONG,28.237,27.734142857142857,0.17707263519495697,-0.09104223941232104,-0.09104223941232104,SL,3,1
0,10,SHORT,1.8782,1.9223214285714287,2.6621233095516983,-0.11945668345072048,-0.11945668345072048,SL,3,10
0,9,SHORT,71.08,68.61142857142858,0.07034327518289252,0.1716473993086257,0.1716473993086257,TP,3,9
0,3,LONG,0.0067413,0.00660095,2225.090116149704,-0.31829139780161103,-0.106097132600537,SL,5,3
0,13,LONG,14.468,14.292142857142856,0.3455902681780481,-0.06277451716102557,-0.06277451716102557,SL,3,13
0,4,SHORT,2.248,2.2052714285714288,2.2241992882562274,0.09303685815963399,0.09303685815963399,TP,3,4
0,2,LONG,0.08718,0.08586142857142856,114.7052076164258,-0.15524700947137338,-0.07762350473568669,SL,4,2
0,1,LONG,1.8498,1.8462,2.702994918369553,-0.01173078170613052,-0.01173078170613052,SOFT_EXIT,3,1
0,5,SHORT,483.81,473.56392857142856,0.020669270994812014,0.20777882698934377,0.10388941349467189,TP,4,5
0,17,SHORT,26.899,26.203107142857142,0.37176103200862487,0.2547058467388597,0.12735292336942985,TP,4,17
0,11,SHORT,91143.6,90327.25714285715,5.4858487046814035e-05,0.04278333405433031,0.04278333405433031,TP,3,11
0,1,SHORT,455.14,439.5496428571429,0.021971261589840488,0.3385398150647515,0.16926990753237575,TP,4,1
0,1,LONG,2.731,2.6867142857142854,3.6616623947272062,-0.16615933462363414,-0.08307966731181707,SL,4,1
0,11,LONG,0.08921,0.08750428571428572,112.09505660800359,-0.19520213941422293,-0.09760106970711147,SL,4,11
0,4,SHORT,0.14392,0.1411342857142857,69.48304613674264,0.18955991423806842,0.09477995711903421,TP,4,4
0,5,SHORT,2.1184,2.0782749999999997,4.720543806646526,0.18541182024169273,0.09270591012084636,TP,4,5
0,1,SHORT,1.6141,1.6350642857142859,9.293104516448794,-0.20082329825555204,-0.06694109941851735,SL,5,1
0,3,SHORT,162.96,165.13500000000002,0.06136475208640157,-0.1374683357879241,-0.06873416789396206,SL,4,3
0,3,SHORT,2.101,2.1324285714285716,4.75963826749167,-0.15358863126402467,-0.07679431563201233,SL,4,3
0,1,SHORT,298.26,289.57,0.05029169181251258,0.4310348018507342,0.14367826728357805,SOFT_EXIT,5,1
0,8,SHORT,0.0062114,0.005974571428571428,1609.9430080175161,0.37728050267020585,0.18864025133510293,TP,4,8
0,6,LONG,1.8326,1.7936785714285715,2.728364072901888,-0.10819182738030272,-0.10819182738030272,SL,3,6
0,9,SHORT,4.451,4.528928571428571,1.1233430689732646,-0.08954052058927335,-0.08954052058927335,SL,3,9
0,2,SHORT,2.1088,2.1356571428571427,2.3710166919575113,-0.06567873401257276,-0.06567873401257276,SL,3,2
0,6,LONG,64.7,63.52214285714286,0.07727975270479134,-0.09302450872157206,-0.09302450872157206,SL,3,6
0,3,LONG,91058.2,90546.70714285714,5.490993672178892e-05,-0.030086040419361512,-0.030086040419361512,SL,3,3
0,6,SHORT,1.6118,1.6387285714285713,6.204243702692642,-0.17107141970822318,-0.08553570985411159,SL,4,6
0,1,SHORT,25.302,25.592285714285712,0.3952256738597739,-0.11872836704043643,-0.05936418352021822,SL,4,1
0,1,SHORT,0.14044,0.13851464285714285,35.602392480774704,0.06654732066566359,0.06654732066566359,TP,3,1
0,1,LONG,4.564,4.516285714285714,1.0955302366345312,-0.054272442719419424,-0.054272442719419424,SL,3,1
0,2,SHORT,2.069,2.0919285714285714,4.833252779120348,-0.11481958157840216,-0.05740979078920108,SL,4,2
0,1,SHORT,0.2331,0.23602142857142858,42.9000429000429,-0.1293294110436969,-0.06466470552184846,SL,4,1
0,1,LONG,0.0062535,0.006125092857142858,2398.6567522187574,-0.3140046602474033,-0.10466822008246777,SL,5,1
0,1,LONG,1.8373,1.810642857142857,8.164153921515267,-0.22363301739353617,-0.07454433913117872,SL,5,1
0,7,SHORT,423.45,408.6632142857143,0.01180776951233912,0.1725989575426345,0.1725989575426345,TP,3,7
0,1,LONG,1.7068,1.739125,5.858917272088118,0.18538950082024805,0.09269475041012402,TP,4,1
0,1,LONG,24.437,24.406,0.20460776691083193,-0.008342840774236273,-0.008342840774236273,SOFT_EXIT,3,1
0,4,LONG,908.0,902.6485714285715,0.005506607929515419,-0.031468219005663704,-0.031468219005663704,SL,3,4
0,3,LONG,1.8284,1.8105928571428571,2.734631371691096,-0.05069597149732802,-0.05069597149732802,SL,3,3
0,3,LONG,3094.19,3090.79,0.0016159317947508072,-0.007494168102152891,-0.007494168102152891,SOFT_EXIT,3,3
0,24,SHORT,0.448,0.4499,11.160714285714285,-0.023205357142857284,-0.023205357142857284,TIMEOUT,3,24
0,1,LONG,0.07916,0.07939,126.32642748863063,0.025055078322386053,0.012527539161193027,SOFT_EXIT,4,1
0,1,SHORT,135.49,135.97071428571428,0.03690309247914975,-0.01973984374176215,-0.01973984374176215,SL,3,1
0,24,SHORT,2.0909,2.0889,2.3913147448467167,0.002782629489692907,0.002782629489692907,TIMEOUT,3,24
0,5,SHORT,0.13892,0.13950357142857142,35.99193780593147,-0.023003866562461606,-0.023003866562461606,SL,3,5
0,5,LONG,65.1,63.63999999999999,0.07680491551459294,-0.11413517665130576,-0.11413517665130576,SL,3,5
0,1,LONG,3098.06,3091.795,0.003227826446227639,-0.024222332685615747,-0.012111166342807874,SL,4,1
0,1,LONG,917.42,912.8807142857142,0.0054500664908111885,-0.02673940896364648,-0.02673940896364648,SL,3,1
0,13,SHORT,2.674,2.697214285714286,5.609573672400898,-0.1362222459664502,-0.04540741532215006,SL,5,13
0,5,SHORT,0.0059821,0.006032107142857143,835.8268835358821,-0.04379731436881959,-0.04379731436881959,SL,3,5
0,1,SHORT,0.02026,0.020502142857142858,493.58341559723596,-0.12351769849104514,-0.06175884924552257,SL,4,1
0,5,LONG,0.176,0.174,56.81818181818182,-0.11763636363636375,-0.058818181818181874,SOFT_EXIT,4,5
0,1,SHORT,4.436,4.375892857142857,1.127141568981064,0.06574925930696952,0.06574925930696952,TP,3,1
0,11,LONG,24.441,24.260142857142856,0.4091485618428051,-0.07799743989899866,-0.03899871994949933,SL,4,11
0,1,SHORT,0.0627,0.06330714285714287,159.48963317384369,-0.10083299156983438,-0.05041649578491719,SL,4,1
0,2,SHORT,13.611,13.723857142857144,0.7346998751010212,-0.08691612876140106,-0.04345806438070053,SL,4,2
0,2,LONG,138.18,139.97035714285715,0.03618468664061369,0.06278351218907029,0.06278351218907029,TP,3,2
0,1,SHORT,90964.4,91223.26428571428,0.00010993311669180472,-0.03245775772876906,-0.01622887886438453,SL,4,1
0,1,LONG,92168.8,91778.47142857143,0.00010849658452751907,-0.04634931684350603,-0.023174658421753015,SL,4,1
0,2,LONG,412.62,404.3778571428571,0.036353060927730114,-0.3056271214607707,-0.10187570715359023,SL,5,2
0,4,SHORT,2.0993,2.0684964285714287,4.763492592769018,0.14273258433083058,0.07136629216541529,TP,4,4
0,4,LONG,13.983,13.820642857142857,1.072731173567904,-0.18016556839427494,-0.06005518946475832,SL,5,4
0,2,LONG,0.0059232,0.005824278571428572,1688.2766072393301,-0.17100673381183892,-0.08550336690591946,SL,4,2
0,2,SHORT,4.424,4.334214285714286,1.1301989150090415,0.09947571686902591,0.09947571686902591,TP,3,2
0,1,LONG,141.35,139.91714285714284,0.03537318712415989,-0.0526847238364754,-0.0526847238364754,SL,3,1
0,1,LONG,0.5664,0.5641,26.483050847457626,-0.06691101694915172,-0.022303672316383905,SOFT_EXIT,5,1
0,3,LONG,3115.13,3115.99,0.00160506945135516,-0.0006196402718350879,-0.0006196402718350879,SOFT_EXIT,3,3
0,6,SHORT,903.59,896.2314285714286,0.005533483106276076,0.03871853068632562,0.03871853068632562,TP,3,6
0,7,SHORT,0.07748,0.07812642857142857,64.53278265358803,-0.043715834501069674,-0.043715834501069674,SL,3,7
0,2,SHORT,2.579,2.6107857142857145,3.8774718883288095,-0.12724821359330865,-0.06362410679665433,SL,4,2
0,4,SHORT,164.68,166.88857142857142,0.06072382803011902,-0.13811291162080505,-0.06905645581040253,SL,4,4
0,4,SHORT,23.624,24.044571428571427,0.4232983406705046,-0.1820271878477091,-0.09101359392385455,SL,4,4
0,4,LONG,0.02074,0.020401428571428574,482.1600771456123,-0.16724562611929975,-0.08362281305964987,SL,4,4
0,6,SHORT,0.2137,0.21721428571428572,23.39728591483388,-0.0842247476435592,-0.0842247476435592,SL,3,6
0,6,SHORT,1.7613,1.7849428571428572,2.838812240958383,-0.06911763226837302,-0.06911763226837302,SL,3,6
0,7,LONG,906.77,913.7621428571429,0.0055140774397035635,0.03655521718375597,0.03655521718375597,TP,3,7
0,1,LONG,0.0647,0.06397142857142857,231.83925811437405,-0.17491145948332898,-0.058303819827776326,SL,5,1
0,2,SHORT,61.86,62.12,0.1616553507921112,-0.046030391205948595,-0.023015195602974298,SOFT_EXIT,4,2
0,4,LONG,2.631,2.6702142857142857,3.8008361839604716,0.14504707607102194,0.07252353803551097,TP,4,4
0,3,SHORT,0.2201,0.22307857142857143,22.71694684234439,-0.06966404880898323,-0.06966404880898323,SL,3,3
0,1,SHORT,0.02057,0.020770714285714288,486.1448711716091,-0.10157622057087345,-0.05078811028543673,SL,4,1
0,6,LONG,3134.8,3162.786785714286,0.0015949980860022967,0.0426388696476423,0.0426388696476423,TP,3,6
0,4,LONG,0.08043,0.08161928571428571,124.33171702101205,0.14386593488570334,0.07193296744285167,TP,4,4
0,1,LONG,0.5881,0.5967892857142857,25.50586634926033,0.21562776009910897,0.07187592003303632,TP,5,1
0,1,LONG,14.364,14.538964285714286,1.0442773600668338,0.17671124239169303,0.05890374746389768,TP,5,1
0,1,LONG,5.12,5.045214285714286,1.953125,-0.15006584821428604,-0.07503292410714302,SL,4,1
0,4,LONG,0.14204,0.14384107142857142,70.40270346381301,0.12280029770285947,0.061400148851429734,TP,4,4
0,3,SHORT,389.5,396.96500000000003,0.038510911424903725,-0.29348395378690756,-0.09782798459563585,SL,5,3
0,2,LONG,93190.5,94079.22857142857,0.00010730707529200938,0.0913668637284453,0.04568343186422265,TP,4,2
0,3,LONG,144.18,146.38500000000002,0.03467887363018449,0.07446691635455722,0.07446691635455722,TP,3,3
0,3,LONG,0.0061529,0.006287739285714286,812.6249410846917,0.10757376660947347,0.10757376660947347,TP,3,3
0,2,SHORT,1.5913,1.6119285714285714,3.142085087664174,-0.06681672666552957,-0.06681672666552957,SL,3,2
0,1,LONG,178.11,176.13357142857146,0.028072539441917913,-0.05748336902556162,-0.05748336902556162,SL,3,1
0,1,LONG,25.783,25.45564285714286,0.19392623046193228,-0.06548313672907385,-0.06548313672907385,SL,3,1
0,2,LONG,0.0066266,0.006842385714285714,2263.60426161229,0.48245346245219506,0.16081782081739834,TP,5,2
0,4,SHORT,1.6073,1.6373142857142857,6.221613886642195,-0.1907372967976468,-0.0953686483988234,SL,4,4
0,3,LONG,0.6195,0.6074571428571429,16.142050040355123,-0.19839640262884797,-0.09919820131442399,SL,4,3
0,2,LONG,0.08192,0.08097214285714287,183.10546874999997,-0.17955782645089216,-0.059852608816964054,SL,5,2
0,9,LONG,14.751,14.588999999999999,0.6779201410073894,-0.11382306284319764,-0.05691153142159882,SL,4,9
0,2,LONG,0.14657,0.14927428571428572,34.11339291805963,0.09025236113412413,0.09025236113412413,TP,3,2
0,1,SHORT,1.8147,1.8361285714285713,5.510552708436657,-0.12208327232364223,-0.061041636161821115,SL,4,1
0,1,LONG,96449.0,97099.42142857143,5.184086926769588e-05,0.031718412247479295,0.031718412247479295,TP,3,1
0,2,LONG,147.02,145.7657142857143,0.0680179567405795,-0.0893139514546126,-0.0446569757273063,SL,4,2
0,6,LONG,0.188,0.18457142857142858,26.595744680851062,-0.09318541033434627,-0.09318541033434627,SL,3,6
0,2,LONG,3340.95,3382.017857142857,0.0029931606279651,0.11892269307489507,0.059461346537447536,TP,4,2
0,3,SHORT,1.822,1.7871785714285715,8.23271130625686,0.28067476870001556,0.09355825623333852,TP,5,3
0,7,LONG,438.04,428.66928571428576,0.022828965391288467,-0.2179237121202232,-0.1089618560601116,SL,4,7
0,6,LONG,178.4,176.4714285714286,0.02802690582959641,-0.05605188981422131,-0.05605188981422131,SL,3,6
0,5,SHORT,2.216,2.1677857142857144,4.512635379061371,0.21357349149045918,0.10678674574522959,TP,4,5
0,2,SHORT,0.183,0.17785714285714285,54.6448087431694,0.2770304449648712,0.1385152224824356,TP,4,2
0,1,SHORT,24.742,25.22107142857143,0.40417104518632285,-0.19762680000461974,-0.09881340000230987,SL,4,1
0,4,SHORT,0.02037,0.020707142857142855,490.9180166912126,-0.16950950277017934,-0.08475475138508967,SL,4,4
0,3,SHORT,0.5815,0.5919428571428571,17.196904557179707,-0.1835848175899757,-0.09179240879498785,SL,4,3
0,5,SHORT,145.57,143.73571428571427,0.0343477364841657,0.0610035623509558,0.0610035623509558,TP,3,5
0,5,SHORT,2.116,2.088292857142857,2.3629489603024574,0.06347056440723754,0.06347056440723754,TP,3,5
0,13,LONG,96297.2,95491.13571428572,5.192258964954329e-05,-0.043852945138294845,-0.043852945138294845,SL,3,13
0,1,SHORT,0.0775,0.07641142857142857,129.03225806451613,0.13646082949308708,0.06823041474654354,TP,4,1
0,1,SHORT,0.4028,0.3964142857142857,24.826216484607745,0.15453312526599483,0.07726656263299742,TP,4,1
0,1,LONG,13.918,13.833,0.35924701824974853,-0.03253599655122829,-0.03253599655122829,SOFT_EXIT,3,1
0,3,SHORT,0.14202,0.13995535714285715,70.41261794113505,0.14137690868489383,0.07068845434244692,TP,4,3
0,3,LONG,1.6062,1.5834428571428572,6.225874735400324,-0.14568312076418205,-0.07284156038209103,SL,4,3
0,12,SHORT,0.0059551,0.005837339285714285,1679.232926399221,0.19374766886486294,0.09687383443243147,TP,4,12
0,3,LONG,1.5948,1.633082142857143,3.1351893654376726,0.11802176717188027,0.11802176717188027,TP,3,3
0,15,SHORT,2.561,2.5935,1.952362358453729,-0.06545177664974658,-0.06545177664974658,SL,3,15
0,3,LONG,0.02102,0.021465714285714286,237.86869647954327,0.10402147614516778,0.10402147614516778,TP,3,3
0,1,LONG,0.0667,0.0659142857142857,74.96251874062969,-0.060899121867638115,-0.060899121867638115,SL,3,1
0,1,LONG,935.02,931.22,0.005347479198305919,-0.02232042095356225,-0.02232042095356225,SL,3,1
0,12,SHORT,95319.6,94324.83214285715,5.245510891778815e-05,0.050180656294343186,0.050180656294343186,TP,3,12
0,6,SHORT,3306.41,3274.7535714285714,0.0015122141537195933,0.04587129934192747,0.04587129934192747,TP,3,6
0,1,SHORT,0.215,0.2170642857142857,46.51162790697674,-0.10001328903654479,-0.05000664451827239,SL,4,1
0,1,SHORT,0.3813,0.38398571428571426,26.226068712300027,-0.07443572739874879,-0.037217863699374396,SL,4,1
0,1,SHORT,141.83,142.88500000000002,0.070506944934076,-0.07838482690545066,-0.03919241345272533,SL,4,1
0,2,SHORT,62.7,63.69857142857143,0.15948963317384368,-0.16326179084073744,-0.08163089542036872,SL,4,2
0,5,LONG,0.179,0.1839285714285714,27.932960893854748,0.13566959297685532,0.13566959297685532,TP,3,5
0,10,SHORT,5.116,5.115,2.9319781078967946,-0.0030680218921048303,-0.0010226739640349434,SOFT_EXIT,5,10
0,16,SHORT,2.0668,2.081514285714286,2.419198761370234,-0.03759678177444765,-0.03759678177444765,SL,3,16
0,13,SHORT,0.13762,0.13869785714285712,36.33192849876472,-0.04116062864616809,-0.04116062864616809,SL,3,13
0,15,LONG,0.07667,0.07769964285714286,195.64366766662317,0.19544310495816888,0.06514770165272296,TP,5,15
0,3,SHORT,0.0058644,0.0058648,2557.80642520974,-0.007023122570084476,-0.0023410408566948253,SOFT_EXIT,5,3
0,5,LONG,13.79,13.703857142857142,1.0877447425670776,-0.09970143996684938,-0.033233813322283125,SL,5,5
0,5,LONG,95318.1,95121.42857142858,0.00010491186878462746,-0.024633167107970685,-0.012316583553985343,SL,4,5
0,5,SHORT,402.66,396.2710714285715,0.012417424129538567,0.07733403580475524,0.07733403580475524,TP,3,5
0,1,LONG,0.07794,0.07714785714285714,128.30382345393895,-0.10563495729315532,-0.05281747864657766,SL,4,1
0,1,SHORT,142.69,141.8425,0.10512299390286635,0.08309173733267887,0.027697245777559623,TP,5,1
0,3,LONG,3303.13,3318.732142857143,0.0015137157786705338,0.02161720982392913,0.02161720982392913,TP,3,3
0,1,LONG,173.82,173.58,0.028765389483373607,-0.00890369347600911,-0.00890369347600911,SOFT_EXIT,3,1
0,4,SHORT,13.659,13.734142857142858,1.0981770261366133,-0.08852015939255176,-0.02950671979751725,SL,5,4
0,8,SHORT,2.0507,2.060092857142857,4.87638367386746,-0.049803175222398216,-0.024901587611199108,SL,4,8
0,1,SHORT,1.5621,1.5759428571428573,6.401638819537801,-0.09261697165903122,-0.04630848582951561,SL,4,1
0,8,SHORT,0.13722,0.1379264285714286,36.43783704999271,-0.027740729173173738,-0.027740729173173738,SL,3,8
0,12,LONG,25.801,25.56342857142857,0.19379093833572344,-0.04803919006461535,-0.04803919006461535,SL,3,12
0,2,SHORT,271.59,273.3928571428571,0.03682020692956295,-0.07038157306444036,-0.03519078653222018,SL,4,2
0,2,SHORT,2.162,2.1798571428571427,4.6253469010175765,-0.08659548037531357,-0.04329774018765679,SL,4,2
0,5,SHORT,1.4158,1.3948107142857142,3.5315722559683573,0.0721251791011644,0.0721251791011644,TP,3,5
0,1,SHORT,65871.2,66211.95714285714,7.590570689466718e-05,-0.027865411807978233,-0.027865411807978233,SL,3,1
0,4,LONG,0.21693,0.21013857142857145,23.048909786567094,-0.1585350244647711,-0.1585350244647711,SL,3,4
0,1,SHORT,0.0979,0.096475,102.14504596527068,0.14155669050051028,0.07077834525025514,TP,4,1
0,8,SHORT,1.3669,1.3992214285714286,7.315824127587973,-0.24045788698096873,-0.12022894349048437,SL,4,8
0,1,SHORT,2.572,2.52775,3.8880248833592534,0.16804510108864656,0.08402255054432328,TP,4,1
0,1,SHORT,0.0041573,0.004210285714285714,2405.4073557356937,-0.13145222689176653,-0.06572611344588326,SL,4,1
0,1,SHORT,1.358,1.3715714285714287,7.363770250368188,-0.10393688196928252,-0.05196844098464126,SL,4,1
0,1,SHORT,0.1079,0.10917857142857143,92.67840593141798,-0.1224959618694564,-0.0612479809347282,SL,4,1
0,4,SHORT,0.103,0.10478571428571429,97.0873786407767,-0.17737031900138772,-0.08868515950069386,SL,4,4
0,6,LONG,8.935,9.068285714285715,1.6787912702853944,0.21775889359660996,0.07258629786553665,TP,5,6
0,11,SHORT,1949.18,1959.65,0.002565181255707528,-0.02885744774725789,-0.02885744774725789,SOFT_EXIT,3,11
0,3,LONG,0.379,0.3852464285714286,39.577836411609496,0.24122012815680463,0.08040670938560154,TP,5,3
0,11,SHORT,176.86,179.90071428571432,0.02827094877304082,-0.08796387780488242,-0.08796387780488242,SL,3,11
0,1,SHORT,1.3365,1.355657142857143,7.482229704451926,-0.14733814333814346,-0.07366907166907173,SL,4,1
0,1,LONG,84.05,83.37714285714286,0.0594883997620464,-0.04202719469703391,-0.04202719469703391,SL,3,1
0,1,LONG,0.2966,0.3001785714285714,33.71544167228591,0.11665311627010895,0.058326558135054475,TP,4,1
0,1,SHORT,0.09784,0.09875571428571428,153.31152902698284,-0.14638955729470826,-0.04879651909823609,SL,5,1
0,1,SHORT,116.86,118.76142857142857,0.12835871983570085,-0.25006493728759643,-0.08335497909586548,SL,5,1
0,1,SHORT,1.408,1.408,7.1022727272727275,-0.004,-0.002,SOFT_EXIT,4,1
0,10,LONG,0.21854,0.21267642857142857,45.758213599341076,-0.27230655388356545,-0.13615327694178272,SL,4,10
0,2,LONG,616.93,622.6203571428571,0.01620929440941436,0.08823667422328504,0.04411833711164252,TP,4,2
0,6,LONG,0.107,0.10978571428571429,46.728971962616825,0.1281735647530044,0.1281735647530044,TP,3,6
0,7,SHORT,257.8,262.37357142857144,0.019394879751745538,-0.09070386789316187,-0.09070386789316187,SL,3,7
0,1,LONG,0.22802,0.2212757142857143,65.78370318393124,-0.44966408961619836,-0.14988802987206612,SL,5,1
0,2,SHORT,261.89,262.08,0.0190919851846195,-0.005627477185077662,-0.005627477185077662,SOFT_EXIT,3,2
0,5,SHORT,116.71,118.99214285714285,0.04284123040013709,-0.09976980794888435,-0.09976980794888435,SL,3,5
0,1,LONG,0.01462,0.014892142857142857,683.9945280437756,0.18214422513191378,0.09107211256595689,TP,4,1
0,1,SHORT,1.432,1.435,10.474860335195531,-0.037424581005587786,-0.012474860335195929,SOFT_EXIT,5,1
0,1,SHORT,1.4432,1.4393,6.929046563192904,0.02302328159645243,0.011511640798226214,SOFT_EXIT,4,1
0,4,LONG,2.739,2.7115,1.8254837531945967,-0.05220080321285115,-0.05220080321285115,SL,3,4
0,3,SHORT,1.3326,1.3431857142857142,7.5041272699984995,-0.08343654724384061,-0.04171827362192031,SL,4,3
0,2,LONG,0.0042991,0.0042551285714285715,3489.1023702635434,-0.15942081565244576,-0.053140271884148584,SL,5,2
0,23,LONG,30.076,29.912,0.16624551137119298,-0.029264263864875892,-0.029264263864875892,SOFT_EXIT,3,23
0,3,LONG,9.262,9.196285714285715,1.6195206218959188,-0.1124256408674463,-0.0374752136224821,SL,5,3
0,2,LONG,85.41,84.77071428571428,0.05854115443156539,-0.039424523725893904,-0.039424523725893904,SL,3,2
0,3,SHORT,29.564,29.8315,0.16912461101339468,-0.04724083344608279,-0.04724083344608279,SL,3,3
0,4,SHORT,0.108,0.1052142857142857,46.2962962962963,0.12696825396825437,0.12696825396825437,TP,3,4
0,3,SHORT,0.01393,0.013632142857142857,717.8750897343863,0.20982422315659952,0.10491211157829976,TP,4,3
0,8,LONG,0.2729,0.29502285714285714,54.96518871381459,1.2099870177459051,0.4033290059153017,TP,5,8
0,9,SHORT,0.1048,0.10297857142857143,95.41984732824427,0.1698004362050163,0.08490021810250815,TP,4,9
0,7,SHORT,68006.3,67571.84642857143,7.352260011204844e-05,0.02994215619939431,0.02994215619939431,TP,3,7
0,2,LONG,1.405,1.3861428571428571,7.117437722419929,-0.13821453990849045,-0.06910726995424522,SL,4,2
0,2,SHORT,83.95,83.25785714285715,0.11911852293031566,0.07844703479962536,0.03922351739981268,TP,4,2
0,5,SHORT,248.93,244.19214285714287,0.04017193588559032,0.1863288933779431,0.09316444668897154,TP,4,5
0,2,SHORT,1952.81,1938.95,0.005120825886799023,0.06697464679103395,0.03348732339551697,TP,4,2
0,5,SHORT,1.3872,1.3951928571428571,3.6043829296424454,-0.030809317844784946,-0.030809317844784946,SL,3,5
0,2,SHORT,27.38,26.864642857142858,0.3652300949598247,0.1842239382239376,0.0921119691119688,TP,4,2
0,8,SHORT,0.2702,0.26754285714285714,37.00962250185048,0.09433985407634558,0.04716992703817279,TP,4,8
0,1,SHORT,81.33,80.38714285714285,0.12295585884667405,0.11192980976972214,0.05596490488486107,TP,4,1
0,1,SHORT,64387.2,64720.90714285714,0.0001553103722479002,-0.05582818057892616,-0.02791409028946308,SL,4,1
0,2,SHORT,1854.93,1868.5635714285715,0.005391039014949351,-0.07749911548452765,-0.038749557742263824,SL,4,2
0,3,LONG,0.28067,0.26965285714285714,53.44354580111876,-0.5947951788831816,-0.1982650596277272,SL,5,3
0,2,SHORT,1.3812,1.3834,10.860121633362294,-0.029892267593396825,-0.009964089197798941,SOFT_EXIT,5,2
0,2,SHORT,589.77,595.015,0.01695576241585703,-0.0929329738711702,-0.0464664869355851,SL,4,2
0,2,SHORT,0.0040182,0.0040706928571428574,2488.676521825693,-0.13463774113497842,-0.06731887056748921,SL,4,2
0,2,SHORT,168.89,171.29214285714284,0.05921013677541596,-0.14623120712551654,-0.07311560356275827,SL,4,2
0,3,SHORT,27.631,26.94517857142857,0.18095617241504108,0.12210362067450141,0.12210362067450141,TP,3,3
0,2,LONG,0.3922,0.3854,38.2457929627741,-0.2660713921468628,-0.08869046404895427,SL,5,2
0,1,LONG,0.1003,0.09867857142857142,99.70089730807577,-0.16565788349238078,-0.08282894174619039,SL,4,1
0,5,SHORT,0.103,0.09989285714285714,48.54368932038835,0.1488321775312063,0.1488321775312063,TP,3,5
0,2,LONG,1.3829,1.3637928571428573,3.6155904259165523,-0.07108360278090523,-0.07108360278090523,SL,3,2
0,2,LONG,0.09491,0.09369714285714285,105.36297545042673,-0.1317902373677316,-0.0658951186838658,SL,4,2
0,1,SHORT,2.377,2.3210714285714285,2.103491796381994,0.11564529118336417,0.11564529118336417,TP,3,1
0,1,LONG,241.82,241.91,0.02067653626664461,-0.0001391117360019145,-0.0001391117360019145,SOFT_EXIT,3,1
0,1,LONG,114.73,114.27,0.04358058049333217,-0.022047067026933147,-0.022047067026933147,SOFT_EXIT,3,1
0,3,SHORT,8.434,8.281749999999999,0.592838510789661,0.08825966326772615,0.08825966326772615,TP,3,3
0,5,SHORT,1.249,1.2248928571428572,4.00320256204964,0.09450577604941106,0.09450577604941106,TP,3,5
0,10,SHORT,0.8782,0.8604142857142857,5.693463903438852,0.09926232228259106,0.09926232228259106,TP,3,10
0,4,LONG,0.29477,0.3120317857142857,33.9247548936459,0.5816018493837811,0.29080092469189056,TP,4,4
0,3,SHORT,64131.0,63259.08214285714,7.796541454210913e-05,0.06597943717881029,0.06597943717881029,TP,3,3
0,1,LONG,0.3693,0.3676,27.078256160303276,-0.050033035472516516,-0.025016517736258258,SOFT_EXIT,4,1
0,12,SHORT,0.8602,0.8735499999999999,11.625203441060219,-0.15919646593815362,-0.07959823296907681,SL,4,12
0,12,SHORT,1829.81,1853.0157142857142,0.0027325241418507933,-0.06541017451460615,-0.06541017451460615,SL,3,12
0,2,SHORT,78.33,78.48,0.06383250351078769,-0.011574875526618516,-0.011574875526618516,SOFT_EXIT,3,2
0,4,LONG,246.16,242.65,0.040623984400389994,-0.14659018524536852,-0.07329509262268426,SL,4,4
0,7,LONG,2.372,2.422142857142857,4.2158516020236085,0.20739484461575575,0.10369742230787787,TP,4,7
0,2,LONG,0.0415,0.040907142857142864,361.4457831325301,-0.22028571428571253,-0.07342857142857084,SL,5,2
0,1,SHORT,1.4245,1.4342,7.02000702000702,-0.07209406809406683,-0.03604703404703342,SOFT_EXIT,4,1
0,4,LONG,0.33225,0.3603321428571429,30.097817908201655,0.8412112221863924,0.4206056110931962,TP,4,4
0,1,SHORT,0.01228,0.01241,814.3322475570033,-0.10986319218241035,-0.054931596091205175,SOFT_EXIT,4,1
0,1,SHORT,235.76,239.8685714285714,0.042416016287750255,-0.17826923263367084,-0.08913461631683542,SL,4,1
0,5,LONG,0.3886,0.39794285714285715,25.73340195573855,0.23642349827218614,0.11821174913609307,TP,4,5
0,8,LONG,81.71,83.31607142857142,0.12238404112103783,0.1925575117576093,0.09627875587880465,TP,4,8
0,3,LONG,1914.4,1946.2632142857144,0.0026117843710823235,0.08121984508387568,0.08121984508387568,TP,3,3
0,1,SHORT,27.174,27.532285714285713,0.3679988224037683,-0.13584872094123562,-0.06792436047061781,SL,4,1
0,1,LONG,1.382,1.4113571428571428,7.235890014471781,0.20842505685342158,0.10421252842671079,TP,4,1
0,1,LONG,9.308,9.495821428571428,1.6115169746454663,0.29667742034501815,0.09889247344833939,TP,5,1
0,1,LONG,1.058,1.0800714285714286,9.45179584120983,0.20461463678098787,0.10230731839049394,TP,4,1
0,1,LONG,0.09697,0.09877107142857143,103.12467773538208,0.1817349106498329,0.09086745532491645,TP,4,1
0,2,LONG,614.29,622.495,0.016278956193328885,0.12956883556626417,0.06478441778313208,TP,4,2
0,2,LONG,66936.7,67888.6107142857,0.0001493948760545411,0.13821058317570334,0.06910529158785167,TP,4,2
0,2,LONG,1.4405,1.4679392857142857,6.942034015966679,0.18648445480240042,0.09324222740120021,TP,4,2
0,2,LONG,0.0042742,0.0043697499999999995,2339.619110008891,0.21955060596134907,0.10977530298067453,TP,4,2
0,6,LONG,0.106,0.10435714285714286,94.33962264150944,-0.15898652291105098,-0.07949326145552549,SL,4,6
0,5,LONG,1.349,1.3290714285714285,7.412898443291327,-0.15172847611987783,-0.07586423805993892,SL,4,5
0,1,LONG,27.75,27.052857142857142,0.36036036036036034,-0.25522265122265136,-0.12761132561132568,SL,4,1
0,2,LONG,0.36039,0.39512142857142857,41.62157662532257,1.439576815592632,0.47985893853087735,TP,5,2
0,6,LONG,2.565,2.513642857142857,1.9493177387914231,-0.10211138958507385,-0.10211138958507385,SL,3,6
0,3,LONG,9.502,9.336214285714286,1.0524100189433803,-0.17847454671197077,-0.08923727335598539,SL,4,3
0,5,SHORT,1.3513,1.3789,7.400281210686006,-0.20824776141493428,-0.10412388070746714,SL,4,5
0,9,LONG,68408.3,67567.45,7.309054603023317e-05,-0.06345818562952199,-0.06345818562952199,SL,3,9
0,8,SHORT,0.004035,0.003904939285714286,2478.3147459727384,0.318331386086033,0.1591656930430165,TP,4,8
0,6,SHORT,2.46,2.3868214285714284,4.065040650406504,0.2934738675958193,0.14673693379790964,TP,4,6
0,2,SHORT,113.63,111.04464285714286,0.08800492827598345,0.22352416992494362,0.11176208496247181,TP,4,2
0,1,LONG,1987.44,2003.1,0.0025157992190959224,0.037397415771041775,0.037397415771041775,SOFT_EXIT,3,1
0,3,SHORT,0.09571,0.096835,104.48229025180231,-0.12154257653327771,-0.060771288266638857,SL,4,3
0,1,LONG,1.3928,1.4061,7.179781734635267,0.09149109707064809,0.045745548535324046,SOFT_EXIT,4,1
0,1,SHORT,620.28,625.4221428571428,0.008060875733539693,-0.04345017457553733,-0.04345017457553733,SL,3,1
0,8,SHORT,0.104,0.10614285714285714,48.07692307692308,-0.10502197802197794,-0.10502197802197794,SL,3,8
0,9,SHORT,0.2881,0.2925642857142857,17.355085039916695,-0.07947805821391354,-0.07947805821391354,SL,3,9
0,4,LONG,0.0431,0.04397857142857143,232.0185614849188,0.19984487901889325,0.09992243950944663,TP,4,4
0,1,SHORT,240.37,243.29357142857143,0.020801264716894786,-0.06281398320446438,-0.06281398320446438,SL,3,1
0,2,SHORT,67617.1,67897.4,7.394579181893338e-05,-0.022727005446846166,-0.022727005446846166,SOFT_EXIT,3,2
0,4,LONG,0.4074,0.4024785714285714,36.81885125184095,-0.18720134651798886,-0.062400448839329624,SL,5,4
0,4,LONG,0.9505,0.93785,10.520778537611783,-0.1370878485007896,-0.0685439242503948,SL,4,4
0,2,SHORT,0.34577,0.3761214285714286,14.460479509500534,-0.4408962109412121,-0.4408962109412121,SL,3,2
0,2,LONG,115.94,114.22142857142856,0.043125754700707265,-0.07611468986421585,-0.07611468986421585,SL,3,2
0,4,SHORT,1958.77,1926.1460714285715,0.0051052446177958614,0.16255313575064173,0.08127656787532087,TP,4,4
0,4,SHORT,83.06,81.60071428571429,0.12039489525644112,0.17169055072064923,0.08584527536032462,TP,4,4
0,3,LONG,0.128,0.13517857142857143,78.125,0.5568258928571425,0.27841294642857123,TP,4,3
0,5,SHORT,0.0036822,0.0035995285714285714,2715.76774754223,0.22051639935752715,0.11025819967876357,TP,4,5
0,1,LONG,1.625,1.5917857142857144,6.153846153846154,-0.20839560439560395,-0.10419780219780198,SL,4,1
0,13,SHORT,0.09366,0.09182464285714285,106.7691650651292,0.19195954973917775,0.09597977486958888,TP,4,13
0,8,SHORT,2.421,2.3537142857142856,2.0652622883106155,0.1369626482563283,0.1369626482563283,TP,3,8
0,6,LONG,0.141,0.1327142857142857,70.92198581560284,-0.5916393110435664,-0.2958196555217832,SL,4,6
0,1,SHORT,0.3652,0.36951428571428574,27.382256297918946,-0.12213487717102176,-0.06106743858551088,SL,4,1
0,1,SHORT,63173.8,63576.94285714286,7.914673488059924e-05,-0.03390744083329284,-0.03390744083329284,SL,3,1
0,1,SHORT,1.2769,1.2919214285714284,7.831466833737959,-0.12163981965250623,-0.06081990982625311,SL,4,1
0,2,SHORT,591.36,596.7414285714286,0.01691017316017316,-0.09500088899196114,-0.04750044449598057,SL,4,2
0,1,LONG,28.551,29.289535714285712,0.5253756435851634,0.3820086762034853,0.12733622540116177,TP,5,1
0,5,SHORT,1904.31,1927.8092857142856,0.0026256229290399146,-0.06370026338748846,-0.06370026338748846,SL,3,5
0,5,SHORT,80.75,81.88642857142857,0.06191950464396285,-0.07236709420610322,-0.07236709420610322,SL,3,5
0,2,SHORT,0.09207,0.09367714285714286,54.30650591940915,-0.089278313084765,-0.089278313084765,SL,3,2
0,2,SHORT,110.08,112.0657142857143,0.045421511627906974,-0.09219414451827283,-0.09219414451827283,SL,3,2
0,3,LONG,9.202,9.061142857142856,1.0867202782003913,-0.1570723134722272,-0.0785361567361136,SL,4,3
0,4,LONG,0.003666,0.0037642285714285717,4091.653027823241,0.3959172317044668,0.1319724105681556,TP,5,4
0,4,SHORT,0.2873,0.2609514285714286,17.40341106856944,0.4565550196409918,0.4565550196409918,TP,3,4
0,3,LONG,0.0036739,0.003600078571428571,4082.8547320286343,-0.3074021689679716,-0.10246738965599055,SL,5,3
0,5,LONG,67474.8,66528.05,0.0001482034774463948,-0.14431164227237428,-0.07215582113618714,SL,4,5
0,7,LONG,9.181,9.036785714285713,1.0892059688487095,-0.16107906079325332,-0.08053953039662666,SL,4,7
0,5,LONG,26.82,26.236428571428572,0.37285607755406414,-0.22158815382976443,-0.11079407691488222,SL,4,5
0,2,LONG,1.378,1.356485714285714,3.62844702467344,-0.08006344598797469,-0.08006344598797469,SL,3,2
0,15,SHORT,0.2607,0.2781221428571428,38.358266206367475,-0.6722831935996483,-0.33614159679982414,SL,4,15
0,5,SHORT,0.3895,0.38018928571428573,25.673940949935815,0.23504272877315233,0.11752136438657616,TP,4,5
0,1,SHORT,1927.64,1957.7485714285715,0.007781535971446951,-0.2402909316203082,-0.0800969772067694,SL,5,1
0,1,SHORT,2.359,2.4009285714285715,4.23908435777872,-0.18173875128686534,-0.09086937564343267,SL,4,1
0,1,SHORT,82.68,84.00785714285715,0.06047411707789066,-0.08230098831985613,-0.08230098831985613,SL,3,1
0,2,SHORT,615.53,621.3092857142857,0.016246161844264292,-0.09789121105853038,-0.04894560552926519,SL,4,2
0,5,LONG,0.149,0.14107142857142857,67.11409395973155,-0.5361188878235855,-0.26805944391179276,SL,4,5
0,1,SHORT,0.2441,0.2609057142857143,40.96681687832855,-0.6924766196523672,-0.3462383098261836,SL,4,1
0,2,LONG,9.095,8.977214285714286,1.6492578339747113,-0.2002590120160219,-0.06675300400534064,SL,5,2
0,4,SHORT,618.68,622.18,0.008081722376672916,-0.030286028318355206,-0.030286028318355206,SOFT_EXIT,3,4
0,4,LONG,1.181,1.229,8.46740050804403,0.4024352243861138,0.2012176121930569,TP,4,4
0,10,SHORT,1.3661,1.336132142857143,3.660054168801698,0.10768398046576748,0.10768398046576748,TP,3,10
0,1,SHORT,31.697,32.32257142857143,0.15774363504432595,-0.10067991112272924,-0.10067991112272924,SL,3,1
0,1,SHORT,0.0036381,0.003548689285714286,2748.6875017179295,0.2417621128768153,0.12088105643840764,TP,4,1
0,1,SHORT,124.48,123.75,0.08033419023136247,0.05464395886889492,0.02732197943444746,SOFT_EXIT,4,1
0,1,LONG,0.0122,0.011991428571428573,409.83606557377044,-0.08748009367681464,-0.08748009367681464,SL,3,1
0,1,SHORT,26.89,26.76,0.5578281889178133,0.06651766455931517,0.022172554853105056,SOFT_EXIT,5,1
0,1,SHORT,69170.0,68853.8,0.00014457134595923088,0.04171345959230838,0.02085672979615419,SOFT_EXIT,4,1
0,1,SHORT,0.1144,0.1156,131.11888111888112,-0.1633426573426564,-0.05444755244755214,SOFT_EXIT,5,1
0,1,SHORT,0.4149,0.4135,24.10219329959026,0.029743070619426663,0.014871535309713331,SOFT_EXIT,4,1
0,1,LONG,87.99,86.52214285714285,0.056824639163541316,-0.0854104524864838,-0.0854104524864838,SL,3,1
0,1,LONG,190.17,186.045,0.026292264815691226,-0.11045559236472631,-0.11045559236472631,SL,3,1
0,3,LONG,1.229,1.211357142857143,4.068348250610252,-0.07377728699290916,-0.07377728699290916,SL,3,3
0,6,LONG,2026.69,1993.3657142857144,0.002467076859312475,-0.08421357413883149,-0.08421357413883149,SL,3,6
0,3,SHORT,0.0034624,0.0035311071428571427,2888.170055452865,-0.20243791259572166,-0.10121895629786083,SL,4,3
0,6,SHORT,0.09168,0.08934214285714286,109.07504363001746,0.2510018698578907,0.12550093492894535,TP,4,6
0,1,SHORT,113.29,110.83214285714286,0.08826904404625298,0.21295270040225533,0.10647635020112767,TP,4,1
0,3,SHORT,1950.22,1974.865,0.007691439940109321,-0.19555553732399408,-0.06518517910799802,SL,5,3
0,1,SHORT,1.3977,1.3686642857142857,7.154611146884167,0.20373924508631522,0.10186962254315761,TP,4,1
0,2,SHORT,1.3573,1.3389785714285714,3.6837839829072423,0.06549218511540779,0.06549218511540779,TP,3,2
0,1,SHORT,66539.9,67192.0,7.514288419429546e-05,-0.05100067478310051,-0.05100067478310051,SL,3,1
0,4,SHORT,31.735,32.36742857142857,0.31510950055144166,-0.20328425127731822,-0.10164212563865911,SL,4,4
0,7,SHORT,218.69,220.88,0.0457268279299465,-0.10414175316658274,-0.05207087658329137,SOFT_EXIT,4,7
0,9,SHORT,0.136,0.13075,73.52941176470588,0.38202941176470623,0.19101470588235311,TP,4,9
0,2,LONG,68384.6,67555.50714285715,7.31158769664515e-05,-0.06261985133662053,-0.06261985133662053,SL,3,2
0,19,LONG,0.3928,0.3656592857142857,25.458248472505094,-0.6949550480069832,-0.3474775240034916,SL,4,19
0,4,SHORT,1959.59,1988.077857142857,0.0025515541516337604,-0.07468831016400661,-0.07468831016400661,SL,3,4
0,3,LONG,85.63,87.82642857142856,0.05839075090505664,0.126251113595035,0.126251113595035,TP,3,3
0,1,SHORT,0.09251,0.093,162.1446330126473,-0.08545087017619787,-0.02848362339206596,SOFT_EXIT,5,1
0,1,LONG,2.566,2.525642857142857,3.8971161340607954,-0.16127647255316743,-0.08063823627658372,SL,4,1
0,2,LONG,114.72,112.95214285714286,0.1307531380753138,-0.23715286909742922,-0.07905095636580974,SL,5,2
0,3,LONG,226.66,233.01571428571427,0.044118944674843376,0.2764074069405396,0.1382037034702698,TP,4,3
0,1,LONG,9.376,9.549357142857144,1.0665529010238908,0.1808945636275001,0.09044728181375004,TP,4,1
0,1,LONG,1.4127,1.4391857142857143,3.5393218659304875,0.09174146770621583,0.09174146770621583,TP,3,1
0,15,SHORT,1.414,1.3755142857142857,7.072135785007073,0.26817619721155755,0.13408809860577878,TP,4,15
0,1,LONG,0.44,0.43305714285714286,34.09090909090909,-0.2426883116883116,-0.08089610389610387,SL,5,1
0,2,LONG,661.38,655.3435714285714,0.015119900813450663,-0.09527020126747993,-0.04763510063373996,SL,4,2
0,1,LONG,32.731,32.178714285714285,0.3055207601356512,-0.17273475124063312,-0.08636737562031656,SL,4,1
0,3,SHORT,66996.1,66703.83571428573,7.463120987639579e-05,0.0198120372465172,0.0198120372465172,TP,3,3
0,3,SHORT,2043.23,2029.6260714285715,0.0024471058079609245,0.03129025261822817,0.03129025261822817,TP,3,3
0,3,SHORT,239.94,242.59714285714284,0.041677085938151205,-0.11474197120708696,-0.05737098560354348,SL,4,3
0,3,SHORT,91.24,91.78,0.10960105217010084,-0.06318456817185514,-0.03159228408592757,SL,4,3
0,2,SHORT,2.5089,2.549,3.9858105145681373,-0.16383100163418152,-0.08191550081709076,SL,4,2
0,3,SHORT,79.56,80.00928571428571,0.0628456510809452,-0.030235653235652818,-0.030235653235652818,SL,3,3
0,3,SHORT,0.2427,0.24598571428571428,41.203131437989285,-0.1393817175819646,-0.0696908587909823,SL,4,3
0,1,LONG,94.32,95.79214285714285,0.15903307888040713,0.22811941112322776,0.07603980370774259,TP,5,1
0,7,SHORT,0.108,0.108,92.5925925925926,-0.004,-0.002,SOFT_EXIT,4,7
0,1,LONG,9.595,9.485285714285714,1.563314226159458,-0.1775179036700672,-0.059172634556689065,SL,5,1
0,2,SHORT,0.00889,0.008997142857142858,1124.859392575928,-0.12452064920456439,-0.062260324602282195,SL,4,2
0,24,LONG,0.53117,0.57331,18.826364440762845,0.7893429975337455,0.39467149876687274,TIMEOUT,4,24
0,6,LONG,2128.38,2158.7689285714287,0.004698409118672417,0.13877961910668465,0.06938980955334233,TP,4,6
0,3,LONG,0.2758,0.27867142857142857,36.25815808556926,0.10011271107427776,0.05005635553713888,TP,4,3
0,2,SHORT,0.0632,0.060114285714285724,79.1139240506329,0.24212296564195265,0.24212296564195265,TP,3,2
0,6,LONG,324.93,320.3592857142857,0.03077585941587419,-0.14466766028727118,-0.07233383014363559,SL,4,6
0,4,LONG,69337.4,70080.1357142857,7.211115501879217e-05,0.05155953023084996,0.05155953023084996,TP,3,4
0,1,LONG,0.112,0.11,89.28571428571428,-0.18257142857142872,-0.09128571428571436,SL,4,1
0,4,LONG,0.0034873,0.0034409142857142858,2867.5479597396265,-0.13701326036106518,-0.06850663018053259,SL,4,4
0,5,LONG,1.3387,1.3302928571428572,3.7349667587958466,-0.03340039910787643,-0.03340039910787643,SL,3,5
0,3,LONG,254.96,251.52357142857144,0.01961091935989959,-0.06939152360034052,-0.06939152360034052,SL,3,3
0,11,SHORT,0.0876,0.08305714285714286,114.15525114155251,0.5145909980430525,0.25729549902152626,TP,4,11
0,1,LONG,2111.5,2098.28,0.004735969689793985,-0.06660951929907555,-0.033304759649537774,SOFT_EXIT,4,1
0,6,SHORT,1.3207,1.3083464285714286,11.357613386840312,0.13430708823243062,0.04476902941081021,TP,5,6
0,2,SHORT,8.575,8.682785714285714,1.1661807580174928,-0.1296976259891718,-0.0648488129945859,SL,4,2
0,9,SHORT,36.408,36.81035714285714,0.4119973632168754,-0.17177008192861798,-0.057256693976205995,SL,5,9
0,8,LONG,0.60924,0.5746128571428571,24.620839078195786,-0.8585493120234109,-0.2861831040078036,SL,5,8
0,2,SHORT,24.55,24.020714285714284,0.40733197556008144,0.21159499563572975,0.10579749781786488,TP,4,2
0,2,LONG,266.06,260.99285714285713,0.018792753514244906,-0.09722556673575262,-0.09722556673575262,SL,3,2
0,6,SHORT,79.17,79.80857142857143,0.12631047113805735,-0.08465825799815895,-0.04232912899907947,SL,4,6
0,6,SHORT,0.09046,0.09102285714285714,110.54609772275039,-0.06622166071823378,-0.03311083035911689,SL,4,6
0,2,LONG,0.109,0.11,45.87155963302752,0.043871559633027565,0.043871559633027565,SOFT_EXIT,3,2
0,1,SHORT,0.0034764,0.0034844,1438.2694741686803,-0.013506155793349099,-0.013506155793349099,SOFT_EXIT,3,1
0,2,SHORT,89.42,90.74714285714286,0.05591590248266607,-0.076208390580567,-0.076208390580567,SL,3,2
0,1,SHORT,1.13,1.1417857142857142,4.424778761061948,-0.054149178255372965,-0.054149178255372965,SL,3,1
0,1,LONG,0.2702,0.26505,55.51443375277572,-0.2918993338267943,-0.09729977794226476,SL,5,1
0,1,SHORT,2.7483,2.6609,1.819306480369683,0.15700738638431055,0.15700738638431055,SOFT_EXIT,3,1
0,3,LONG,0.0819,0.0816,183.15018315018315,-0.06094505494505398,-0.02031501831501799,SOFT_EXIT,5,3
0,12,LONG,9.284,9.166642857142858,1.6156828953037483,-0.19561192835600466,-0.06520397611866822,SL,5,12
0,6,LONG,0.0037059,0.0036365499999999997,2698.3998488896086,-0.19113402952049474,-0.09556701476024737,SL,4,6
0,4,SHORT,0.54494,0.5828435714285715,18.35064410760818,-0.699554949693021,-0.3497774748465105,SL,4,4
0,1,LONG,0.263,0.2593214285714286,38.02281368821293,-0.14386963606735437,-0.07193481803367718,SL,4,1
0,2,LONG,0.00854,0.00859,1170.9601873536299,0.054548009367681144,0.027274004683840572,SOFT_EXIT,4,2
0,2,LONG,71561.0,71061.37857142858,6.987046016685066e-05,-0.03690877912350465,-0.03690877912350465,SL,3,2
0,2,LONG,2219.73,2199.844285714286,0.0022525262081424316,-0.046793092596203435,-0.046793092596203435,SL,3,2
0,2,LONG,0.118,0.11542857142857142,84.74576271186442,-0.22191767554479425,-0.11095883777239712,SL,4,2
0,2,LONG,327.16,319.8521428571429,0.015283041936667073,-0.11368628718145754,-0.11368628718145754,SL,3,2
0,6,SHORT,607.3,601.9332142857143,0.008233163181294254,0.042185622544752985,0.042185622544752985,TP,3,6
0,3,SHORT,92.08,90.505,0.10860121633362294,0.16704691572545644,0.08352345786272822,TP,4,3
0,1,LONG,321.52,313.9764285714285,0.015551132122418513,-0.11931107596061605,-0.11931107596061605,SL,3,1
0,1,SHORT,1.174,1.1972142857142856,8.517887563884157,-0.20173667559016722,-0.10086833779508361,SL,4,1
0,1,LONG,0.0916,0.09148,109.17030567685589,-0.017100436681222173,-0.008550218340611086,SOFT_EXIT,4,1
0,1,LONG,2.6424,2.6944071428571426,3.7844383893430216,0.19281782794861754,0.09640891397430877,TP,4,1
0,2,LONG,0.115,0.114,86.95652173913044,-0.09095652173913052,-0.04547826086956526,SOFT_EXIT,4,2
0,2,LONG,0.0829,0.08066428571428572,180.94089264173704,-0.4105321385490263,-0.13684404618300877,SL,5,2
0,15,SHORT,82.52,81.40785714285714,0.1211827435773146,0.1307725226784848,0.0653862613392424,TP,4,15
0,13,SHORT,1.3335,1.3448714285714285,7.499062617172854,-0.08927505490385143,-0.044637527451925715,SL,4,13
0,1,SHORT,0.9131,0.9190285714285714,10.951702989814915,-0.06892795343961662,-0.03446397671980831,SL,4,1
0,3,LONG,0.70586,0.6730871428571429,21.25067293797637,-0.7024452683858802,-0.23414842279529338,SL,5,3
0,1,SHORT,2216.99,2194.7353571428566,0.0022553101276956596,0.04819112142396482,0.04819112142396482,TP,3,1
0,6,SHORT,0.0571,0.05480714285714285,175.13134851138355,0.3975511633725298,0.1987755816862649,TP,4,6
0,4,LONG,83.8,84.90464285714286,0.11933174224343676,0.12781895669962573,0.06390947834981286,TP,4,4
0,4,LONG,607.06,611.467857142857,0.016472836292952923,0.06860990911700816,0.03430495455850408,TP,4,4
0,1,SHORT,91.43,92.47428571428571,0.05468664552116373,-0.0591084826799577,-0.0591084826799577,SL,3,1
0,1,LONG,0.0035683,0.003523478571428571,2802.4549505366704,-0.1296100343901264,-0.0648050171950632,SL,4,1
0,1,LONG,9.474,9.368500000000001,1.0555203715431707,-0.11535739919780373,-0.057678699598901866,SL,4,1
0,2,SHORT,290.5,276.08178571428573,0.03442340791738382,0.49232407179739307,0.24616203589869654,TP,4,2
0,6,LONG,72124.0,71474.75,6.932505130053796e-05,-0.04700928955687427,-0.04700928955687427,SL,3,6
0,8,SHORT,2185.16,2211.5435714285713,0.004576323930513097,-0.12473976930097332,-0.06236988465048666,SL,4,8
0,7,LONG,0.0956,0.09367857142857143,104.60251046025104,-0.20498625224148262,-0.10249312612074131,SL,4,7
0,17,LONG,9.338,9.530107142857142,1.0708931248661384,0.20172621852339157,0.10086310926169578,TP,4,17
0,1,LONG,0.003625,0.003696989285714286,2758.620689655172,0.19459113300492614,0.09729556650246307,TP,4,1
0,4,LONG,0.2761,0.28222857142857144,54.32814197754436,0.3269538986909504,0.10898463289698346,TP,5,4
0,1,LONG,0.9585,0.9484928571428571,10.432968179447052,-0.10840420299575254,-0.05420210149787627,SL,4,1
0,2,LONG,0.09456,0.09375571428571429,105.75296108291032,-0.08905559584239803,-0.044527797921199014,SL,4,2
0,2,LONG,85.41,84.72214285714286,0.05854115443156539,-0.0422679512268552,-0.0422679512268552,SL,3,2
0,13,SHORT,0.08,0.07705357142857143,125.0,0.3643035714285715,0.18215178571428575,TP,4,13
0,2,LONG,0.2787,0.28601785714285716,35.88087549336204,0.2585711210210676,0.1292855605105338,TP,4,2
0,1,SHORT,256.61,262.47214285714284,0.019484821324188457,-0.11622280614829562,-0.11622280614829562,SL,3,1
0,5,LONG,9.351,9.26257142857143,1.0694043417816275,-0.09856589822326021,-0.04928294911163011,SL,4,5
0,5,SHORT,0.114,0.115,87.71929824561403,-0.0917192982456141,-0.04585964912280705,SOFT_EXIT,4,5
0,9,SHORT,2.438,2.4092857142857147,2.0508613617719442,0.05688901910230818,0.05688901910230818,TP,3,9
0,1,LONG,0.86436,0.8133778571428572,11.56925355176084,-0.5938253373263787,-0.2969126686631893,SL,4,1
0,2,SHORT,0.0035433,0.003571914285714286,2822.2278666779557,-0.0847560345279421,-0.04237801726397105,SL,4,2
0,4,SHORT,0.2816,0.28319285714285714,35.51136363636363,-0.06056452922077833,-0.030282264610389166,SL,4,4
0,1,SHORT,0.2481,0.24969285714285713,40.306328093510686,-0.06820222260609214,-0.03410111130304607,SL,4,1
0,16,LONG,72928.2,73651.40357142857,6.856058424587471e-05,0.04758325938584621,0.04758325938584621,TP,3,16
0,1,LONG,0.9532,0.9615142857142858,10.49097775912715,0.08322498651160005,0.04161249325580003,TP,4,1
0,1,LONG,1.3707,1.3642285714285713,10.94331363536879,-0.07681887252603069,-0.02560629084201023,SL,5,1
0,3,LONG,2297.46,2281.897142857143,0.004352632907645835,-0.07173940413699022,-0.03586970206849511,SL,4,3
0,7,LONG,0.00854,0.008417857142857144,1170.9601873536299,-0.14702442288390763,-0.07351221144195381,SL,4,7
0,2,LONG,84.89,84.2207142857143,0.11779950524207798,-0.08284152600844699,-0.041420763004223496,SL,4,2
0,6,SHORT,0.72851,0.7891171428571429,6.863323770435547,-0.41796644422961154,-0.41796644422961154,SL,3,6
0,5,LONG,0.0873,0.08547857142857143,114.54753722794959,-0.2126401570937653,-0.10632007854688265,SL,4,5
0,2,LONG,0.2918,0.28589285714285717,34.27004797806717,-0.20643806912758167,-0.10321903456379083,SL,4,2
0,16,SHORT,89.94,91.39714285714285,0.1667778519012675,-0.24901915562756097,-0.08300638520918699,SL,5,16
0,14,SHORT,2.292,2.244428571428571,4.363001745200698,0.20355422587883332,0.10177711293941666,TP,4,14
0,1,LONG,1.362,1.3497857142857144,7.342143906020557,-0.09367904342353695,-0.04683952171176847,SL,4,1
0,2,SHORT,70875.5,71157.50714285714,7.054623953270171e-05,-0.021894543449932566,-0.021894543449932566,SL,3,2
0,10,LONG,0.0597,0.06305357142857143,83.75209380234506,0.27886862885857855,0.27886862885857855,TP,3,10
0,1,LONG,1.384,1.3693571428571427,7.225433526011561,-0.10980099091659813,-0.054900495458299066,SL,4,1
0,3,LONG,41.614,41.178999999999995,0.36045561589849573,-0.16279819291584646,-0.054266064305282156,SL,5,3
0,8,SHORT,1.3273,1.3331642857142856,3.7670458826188504,-0.024091033354500323,-0.024091033354500323,SL,3,8
0,2,LONG,0.0931,0.09164285714285715,107.41138560687433,-0.1605137333128734,-0.0802568666564367,SL,4,2
0,9,SHORT,0.00809,0.008228571428571429,1236.0939431396787,-0.17528730354935584,-0.08764365177467792,SL,4,9
0,1,SHORT,0.108,0.10964285714285714,46.2962962962963,-0.07805820105820095,-0.07805820105820095,SL,3,1
0,1,LONG,0.07169,0.06925357142857143,69.74473427256241,-0.17192806328836485,-0.17192806328836485,SL,3,1
0,3,LONG,2.8055,2.873985714285714,3.5644270183567994,0.24011233037146335,0.12005616518573167,TP,4,3
0,1,SHORT,83.73,82.82035714285715,0.11943150603129105,0.10464001637917783,0.052320008189588915,TP,4,1
0,1,SHORT,0.0035703,0.003522407142857143,2800.8850796851802,0.13014238899492206,0.06507119449746103,TP,4,1
0,1,SHORT,71823.6,72204.97857142858,6.961500119737802e-05,-0.028549669706654693,-0.028549669706654693,SL,3,1
0,4,LONG,0.2391,0.2413,41.82350480970305,0.08801171058134587,0.044005855290672934,SOFT_EXIT,4,4
0,1,LONG,9.403,9.280071428571429,1.0634903754121026,-0.13473335257744545,-0.06736667628872273,SL,4,1
0,7,LONG,0.2949,0.3048,33.9097999321804,0.3317070193285866,0.1658535096642933,TP,4,7
0,4,SHORT,256.2,259.8721428571429,0.0195160031225605,-0.07366555146648883,-0.07366555146648883,SL,3,4
0,2,LONG,2251.49,2284.825357142857,0.00444150318233703,0.1440590948343408,0.0720295474171704,TP,4,2
0,2,LONG,2.551,2.6250357142857146,3.920031360250882,0.28622232177857476,0.14311116088928738,TP,4,2
0,2,LONG,1.3742,1.36435,3.638480570513753,-0.037839033619560966,-0.037839033619560966,SL,3,2
0,1,SHORT,1.226,1.215,4.078303425774878,0.04286133768352324,0.04286133768352324,SOFT_EXIT,3,1
0,1,SHORT,0.06469,0.06479,154.5833977430824,-0.019458339774308685,-0.009729169887154342,SOFT_EXIT,4,1
0,5,LONG,0.0037231,0.0036589071428571427,4028.900647310037,-0.2646266436955388,-0.08820888123184627,SL,5,5
0,2,LONG,0.3157,0.3242178571428571,31.675641431738995,0.2658085886239193,0.13290429431195966,TP,4,2
0,7,SHORT,0.0801,0.07851428571428572,62.421972534332085,0.09698341359015528,0.09698341359015528,TP,3,7
0,1,SHORT,0.0083,0.00838,1204.8192771084337,-0.10038554216867494,-0.05019277108433747,SOFT_EXIT,4,1
0,6,LONG,74513.3,75289.22857142857,6.710211465604126e-05,0.050066447964897884,0.050066447964897884,TP,3,6
0,1,LONG,2390.32,2373.0107142857146,0.0020917701395629035,-0.03820704699430532,-0.03820704699430532,SL,3,1
0,15,LONG,9.508,9.353214285714285,1.5776188472864958,-0.2501928601478444,-0.08339762004928147,SL,5,15
0,1,LONG,85.96,85.36428571428571,0.11633317822242904,-0.07330133616964633,-0.03665066808482317,SL,4,1
0,7,SHORT,1.177,1.15075,4.248088360237893,0.10951231945624514,0.10951231945624514,TP,3,7
0,1,LONG,0.113,0.11135714285714286,88.49557522123894,-0.14938558786346376,-0.07469279393173188,SL,4,1
0,3,LONG,0.0928,0.09284,107.75862068965517,0.0003103448275875269,0.00015517241379376344,SOFT_EXIT,4,3
0,7,SHORT,353.13,360.5407142857143,0.02831818310537196,-0.2138579640844527,-0.10692898204222635,SL,4,7
0,7,SHORT,43.36,43.8975,0.23062730627306274,-0.12796217712177155,-0.06398108856088577,SL,4,7
0,5,LONG,74520.3,73892.57142857143,6.709581147687274e-05,-0.04411795788721785,-0.04411795788721785,SL,3,5
0,7,LONG,100.44,99.25,0.09956192751891677,-0.12247869374751073,-0.06123934687375537,SL,4,7
0,1,LONG,2.68,2.743321428571429,1.8656716417910446,0.11613699360341184,0.11613699360341184,TP,3,1
0,3,SHORT,83.11,83.66928571428572,0.06016123210203345,-0.03564731766849485,-0.03564731766849485,SL,3,3
0,14,SHORT,0.09341,0.09352,53.52745958676801,-0.007888020554544427,-0.007888020554544427,SOFT_EXIT,3,14
0,4,LONG,44.235,44.90667857142857,0.22606533288120267,0.1478432398391708,0.0739216199195854,TP,4,4
0,1,SHORT,0.2963,0.3006,33.74957813027337,-0.14912318596017451,-0.07456159298008726,SL,4,1
0,6,LONG,0.2851,0.28827142857142857,17.537706068046298,0.053619582101517835,0.053619582101517835,TP,3,6
0,2,LONG,1.3794,1.3908535714285715,7.24952878062926,0.07903299571242213,0.039516497856211065,TP,4,2
0,1,SHORT,2361.62,2360.09,0.004234381483896647,0.0024786036703607923,0.0012393018351803961,SOFT_EXIT,4,1
0,4,SHORT,38.85,35.801785714285714,0.1287001287001287,0.3903055708769997,0.3903055708769997,TP,3,4
0,3,SHORT,37.35,39.200714285714284,0.13386880856760375,-0.2497529164276148,-0.2497529164276148,SL,3,3
0,15,LONG,9.43,9.572607142857143,1.5906680805938496,0.22084063020754444,0.07361354340251482,TP,5,15
0,3,LONG,0.0038613,0.0037800571428571426,2589.8013622355165,-0.21440286210047693,-0.10720143105023847,SL,4,3
0,2,SHORT,339.56,345.04357142857145,0.014724938155259748,-0.08274525015566397,-0.08274525015566397,SL,3,2
0,1,LONG,0.1185,0.12070714285714285,84.38818565400844,0.18225678119348962,0.09112839059674481,TP,4,1
0,17,LONG,0.8027,0.8753021428571428,12.457954403886882,0.9004741853387671,0.45023709266938355,TP,4,17
0,2,SHORT,2331.07,2346.6185714285716,0.004289875464915253,-0.07070143508591098,-0.03535071754295549,SL,4,2
0,1,LONG,0.143,0.15470107142857142,69.93006993006993,0.8142567432567438,0.4071283716283719,TP,4,1
0,1,LONG,6.912,6.427428571428571,1.4467592592592593,-0.7050582010582015,-0.35252910052910075,SL,4,1
0,1,LONG,0.09669,0.09578714285714286,51.711655807218946,-0.04868823781451732,-0.04868823781451732,SL,3,1
0,1,LONG,0.8889,0.8579264285714286,11.24985937675779,-0.3524483229673909,-0.17622416148369546,SL,4,1
0,2,LONG,0.3092,0.3156285714285714,32.34152652005175,0.20390981334319053,0.10195490667159526,TP,4,2
0,2,SHORT,74140.6,74672.42857142858,0.00013487886529108206,-0.07573243424366324,-0.03786621712183162,SL,4,2
0,2,LONG,625.88,631.4707142857143,0.015977503674825845,0.08532565804490133,0.042662829022450666,TP,4,2
0,2,LONG,0.2517,0.25649999999999995,39.72983710766786,0.18670321811680457,0.09335160905840229,TP,4,2
0,2,SHORT,1.42,1.427,3.5211267605633805,-0.026647887323944075,-0.026647887323944075,SOFT_EXIT,3,2
0,3,LONG,9.583,9.470142857142857,0.5217572785140353,-0.060884035718012625,-0.060884035718012625,SL,3,3
0,2,SHORT,43.562,44.169285714285714,0.11477893576970755,-0.07170360799386116,-0.07170360799386116,SL,3,2
0,7,LONG,1.4459,1.4305714285714286,3.458053807317242,-0.055007024789305484,-0.055007024789305484,SL,3,7
0,4,LONG,115.89,113.56928571428571,0.043144361032013114,-0.1021257349950077,-0.1021257349950077,SL,3,4
0,6,LONG,1.4302,1.4585071428571428,3.4960145434205008,0.0969621831112532,0.0969621831112532,TP,3,6
0,1,LONG,0.7571,0.6432,13.20829480914014,-1.508424778761062,-0.754212389380531,SOFT_EXIT,4,1
0,7,SHORT,0.0744,0.07553571428571428,134.40860215053763,-0.1566497695852529,-0.07832488479262645,SL,4,7
0,2,LONG,0.003875,0.003970442857142857,1290.3225806451612,0.12115207373271865,0.12115207373271865,TP,3,2
0,1,SHORT,43.628,44.12385714285714,0.2292105986980838,-0.1176557125830064,-0.0588278562915032,SL,4,1
0,10,LONG,87.67,89.6875,0.057032052013231437,0.11306216493669433,0.11306216493669433,TP,3,10
0,1,SHORT,0.3091,0.31425714285714285,48.527984471044974,-0.2562657484863892,-0.08542191616212974,SL,5,1
0,1,LONG,76195.7,76835.55714285714,6.562050089440743e-05,0.039987746215150256,0.039987746215150256,TP,3,1
0,1,LONG,4.167,3.6589285714285715,2.3998080153587713,-1.223273886660495,-0.6116369433302475,SL,4,1
0,3,LONG,0.11751,0.12046392857142857,42.54957024934048,0.12368839126153372,0.12368839126153372,TP,3,3
0,2,LONG,258.25,265.45214285714286,0.01936108422071636,0.13744129442677366,0.13744129442677366,TP,3,2
0,1,LONG,2449.99,2426.560714285714,0.0020408246564271692,-0.04981506396819156,-0.04981506396819156,SL,3,1
0,1,LONG,645.91,642.0992857142857,0.0077410165502933845,-0.03149880235415392,-0.03149880235415392,SL,3,1
0,7,LONG,3.8337,4.031110714285714,1.3042230743146308,0.2554676086883614,0.2554676086883614,TP,3,7
0,8,LONG,0.313,0.30865,15.97444089456869,-0.07148881789137414,-0.07148881789137414,SL,3,8
0,1,LONG,0.1296,0.13457142857142856,77.1604938271605,0.37959788359788355,0.18979894179894177,TP,4,1
0,8,LONG,77135.2,76511.09285714285,6.482124892396728e-05,-0.042455404462369,-0.042455404462369,SL,3,8
0,5,LONG,2404.0,2380.5214285714287,0.0020798668885191347,-0.050832303304016814,-0.050832303304016814,SL,3,5
0,1,LONG,0.3177,0.31380714285714284,31.47623544224111,-0.12653248797158143,-0.06326624398579071,SL,4,1
0,3,SHORT,87.49,86.66392857142857,0.05714938850154304,0.04520947700145299,0.04520947700145299,TP,3,3
0,24,SHORT,6.61,5.48,1.51285930408472,1.7055310136157336,0.8527655068078668,TIMEOUT,4,24
0,1,LONG,3.7748,3.6151,2.649146974674155,-0.42706877185546244,-0.21353438592773122,SOFT_EXIT,4,1
0,4,LONG,0.0803,0.0808,62.266500622665006,0.02913325031133253,0.02913325031133253,SOFT_EXIT,3,4
